{
    "gyro": {
        "x": -0.01953125,
        "y": 0.0078125,
        "z": -0.04296875
    },
    "acceleration": {
        "x": -3.90625,
        "y": -7.234375,
        "z": -5.59375
    },
    "timestamp": 1754437189.3378818
}