{
    "gyro": {
        "x": -0.009765625,
        "y": 0.0,
        "z": -0.0546875
    },
    "acceleration": {
        "x": -3.8671875,
        "y": -7.234375,
        "z": -5.6328125
    },
    "timestamp": 1754437215.1946352
}