{
    "gyro": {
        "x": 0.013671875,
        "y": 0.005859375,
        "z": 0.037109375
    },
    "acceleration": {
        "x": -3.9453125,
        "y": -7.23828125,
        "z": -5.59375
    },
    "timestamp": 1754436974.5312858
}